,Unnamed: 0,id,eventId,minute,second,teamId,x,y,expandedMinute,period,type,outcomeType,qualifiers,satisfiedEventsTypes,isTouch,playerId,endX,endY,relatedEventId,relatedPlayerId,blockedX,blockedY,goalMouthZ,goalMouthY,isShot,cardType,isGoal,isOwnGoal
52,52,2731998609.0,8,2,18.0,613,2.1,81.2,2,FirstHalf,BallRecovery,Successful,[],[93],False,232278.0,,,,,,,,,,,,
53,53,2731998641.0,9,2,21.0,613,2.1,81.2,2,FirstHalf,Pass,Unsuccessful,"['StandingSave', 'Longball', 'Angle', 'Zone', 'PassEndY', 'Offensive', 'Length', 'PassEndX', 'OppositeRelatedEvent']","[91, 118, 120, 128, 36, 37, 215, 218]",True,232278.0,3.1,81.6,,,,,,,,,,
55,55,2731999027.0,11,2,36.0,613,15.2,100.0,2,FirstHalf,Pass,Unsuccessful,"['Angle', 'Longball', 'Zone', 'PassEndY', 'ThrowIn', 'PassEndX', 'Length']","[91, 212, 36, 38, 216]",True,232278.0,40.2,93.8,,,,,,,,,,
82,82,2732000359.0,28,3,48.0,613,65.6,100.0,3,FirstHalf,Pass,Successful,"['ThrowIn', 'Length', 'Angle', 'PassEndX', 'Zone', 'PassEndY', 'Longball']","[91, 212, 35, 38, 216]",True,232278.0,38.8,89.1,,,,,,,,,,
224,224,2732009553.0,73,11,48.0,613,81.4,87.8,11,FirstHalf,Pass,Successful,"['StandingSave', 'PassEndY', 'PassEndX', 'Angle', 'Length', 'Zone']","[91, 119, 117, 30, 205, 36, 37, 217, 218]",True,232278.0,94.6,96.3,,,,,,,,,,
226,226,2732009663.0,75,11,53.0,613,86.2,89.0,11,FirstHalf,Pass,Successful,"['PassEndY', 'StandingSave', 'Zone', 'Angle', 'PassEndX', 'Length']","[91, 119, 117, 30, 205, 35, 37, 217, 218]",True,232278.0,83.5,97.7,,,,,,,,,,
229,229,2732009861.0,78,12,1.0,613,79.2,100.0,12,FirstHalf,Pass,Successful,"['Length', 'Zone', 'PassEndY', 'PassEndX', 'Angle', 'ThrowIn']","[91, 212, 35, 38, 216]",True,232278.0,62.6,96.9,,,,,,,,,,
241,241,2732010247.0,87,12,22.0,613,95.8,71.0,12,FirstHalf,Foul,Unsuccessful,"['StandingSave', 'Offensive', 'Foul', 'Zone', 'OppositeRelatedEvent']",[64],False,232278.0,,,,,,,,,,,,
247,247,2732010925.0,91,13,1.0,613,27.3,79.5,13,FirstHalf,Clearance,Successful,"['StandingSave', 'Length', 'Zone', 'PassEndX', 'Angle', 'PassEndY']","[91, 94, 95, 215]",True,232278.0,20.9,100.0,,,,,,,,,,
255,255,2732011699.0,93,13,39.0,613,28.4,97.7,13,FirstHalf,Pass,Successful,"['StandingSave', 'Zone', 'Length', 'PassEndY', 'PassEndX', 'Angle']","[91, 117, 30, 35, 38, 215, 218]",True,232278.0,25.6,84.9,,,,,,,,,,
304,304,2732013925.0,118,15,55.0,613,1.8,97.8,15,FirstHalf,Pass,Unsuccessful,"['PassEndX', 'Longball', 'Zone', 'Length', 'StandingSave', 'PassEndY', 'Angle']","[91, 118, 120, 128, 36, 37, 215, 218]",True,232278.0,22.8,100.0,,,,,,,,,,
414,414,2732021455.0,169,22,30.0,613,21.4,89.1,22,FirstHalf,Pass,Successful,"['StandingSave', 'Zone', 'PassEndX', 'Angle', 'PassEndY', 'Length']","[91, 117, 30, 36, 38, 215, 218]",True,232278.0,29.6,86.0,,,,,,,,,,
439,439,2732023151.0,179,24,6.0,613,26.4,96.0,24,FirstHalf,Pass,Unsuccessful,"['PassEndY', 'StandingSave', 'Angle', 'Chipped', 'PassEndX', 'Zone', 'Length']","[91, 118, 120, 29, 124, 36, 38, 216, 218]",True,232278.0,41.0,85.8,,,,,,,,,,
454,454,2732023971.0,183,24,46.0,613,29.2,95.2,24,FirstHalf,Tackle,Successful,"['Defensive', 'StandingSave', 'Zone', 'OppositeRelatedEvent']","[91, 143]",True,232278.0,,,,,,,,,,,,
481,481,2732025545.0,192,26,11.0,613,67.9,92.6,26,FirstHalf,Pass,Successful,"['PassEndX', 'StandingSave', 'Length', 'Zone', 'Angle', 'PassEndY']","[91, 119, 117, 30, 205, 36, 38, 217, 218]",True,232278.0,70.4,82.7,,,,,,,,,,
543,543,2732029241.0,222,29,51.0,613,3.9,100.0,29,FirstHalf,Pass,Successful,"['Length', 'Zone', 'ThrowIn', 'PassEndY', 'PassEndX', 'Angle']","[91, 212, 36, 38, 215]",True,232278.0,8.5,96.3,,,,,,,,,,
550,550,2732029693.0,229,30,17.0,613,69.1,100.0,30,FirstHalf,Pass,Successful,"['PassEndX', 'Length', 'Longball', 'Zone', 'Angle', 'ThrowIn', 'PassEndY']","[91, 212, 36, 38, 217]",True,232278.0,87.9,83.1,,,,,,,,,,
558,558,2732029997.0,234,30,34.0,613,38.5,93.5,30,FirstHalf,Pass,Unsuccessful,"['PassEndX', 'Length', 'StandingSave', 'Zone', 'Angle', 'PassEndY']","[91, 118, 120, 29, 36, 38, 216, 218]",True,232278.0,46.6,86.9,,,,,,,,,,
568,568,2732030453.0,237,30,59.0,613,5.5,59.0,30,FirstHalf,Save,Successful,"['OppositeRelatedEvent', 'OutfielderBlock', 'StandingSave', 'Zone']","[91, 58]",True,232278.0,,,,,,,,,,,,
662,662,2732036497.0,269,37,10.0,613,15.7,7.4,37,FirstHalf,BallRecovery,Successful,[],[93],False,232278.0,,,,,,,,,,,,
663,663,2732036677.0,270,37,14.0,613,30.8,2.6,37,FirstHalf,Pass,Successful,"['Zone', 'Angle', 'PassEndY', 'Longball', 'PassEndX', 'StandingSave', 'Length']","[91, 119, 117, 127, 36, 37, 216, 218]",True,232278.0,65.0,18.2,,,,,,,,,,
673,673,2732037195.0,275,38,0.0,613,79.1,59.7,38,FirstHalf,Goal,Successful,"['OutOfBoxCentre', 'LowLeft', 'FromCorner', 'GoalMouthZ', 'IndividualPlay', 'Zone', 'StandingSave', 'LeftFoot', 'GoalMouthY']","[91, 24, 9, 10, 2, 5, 13, 18, 21, 26]",True,232278.0,,,,,,,3.2,53.0,True,,True,
742,742,2732042463.0,289,43,42.0,613,38.3,100.0,43,FirstHalf,Pass,Unsuccessful,"['Length', 'Longball', 'Zone', 'PassEndX', 'PassEndY', 'ThrowIn', 'Angle']","[91, 212, 36, 38, 217]",True,232278.0,86.5,75.2,,,,,,,,,,
758,758,2732043495.0,295,45,17.0,613,57.7,98.9,45,FirstHalf,Pass,Unsuccessful,"['Zone', 'Angle', 'PassEndY', 'Length', 'PassEndX', 'HeadPass']","[91, 120, 29, 139, 36, 38, 217, 218]",True,232278.0,68.1,97.1,,,,,,,,,,
767,767,2732043649.0,299,45,24.0,613,65.9,96.5,45,FirstHalf,BallRecovery,Successful,[],[93],False,232278.0,,,,,,,,,,,,
768,768,2732043679.0,300,45,25.0,613,65.9,96.5,45,FirstHalf,Pass,Successful,"['Angle', 'StandingSave', 'Zone', 'PassEndY', 'Length', 'PassEndX']","[91, 119, 117, 30, 35, 37, 216, 218]",True,232278.0,60.2,96.8,,,,,,,,,,
773,773,2732045755.0,328,45,29.0,613,64.5,96.6,45,FirstHalf,Pass,Successful,"['StandingSave', 'Zone', 'Length', 'Angle', 'PassEndX', 'PassEndY']","[91, 119, 117, 30, 205, 36, 38, 217, 218]",True,232278.0,70.6,89.4,,,,,,,,,,
788,788,2732044085.0,309,46,3.0,613,56.5,97.8,46,FirstHalf,Pass,Successful,"['Zone', 'StandingSave', 'PassEndY', 'Length', 'Angle', 'PassEndX']","[91, 119, 117, 30, 36, 38, 216, 218]",True,232278.0,60.9,97.5,,,,,,,,,,
799,799,2732046467.0,330,46,29.0,613,87.4,58.6,46,FirstHalf,Aerial,Successful,"['Zone', 'OppositeRelatedEvent', 'Offensive']","[197, 199]",False,232278.0,,,,,,,,,,,,
801,801,2732044463.0,319,46,29.0,613,86.1,53.4,46,FirstHalf,SavedShot,Successful,"['RelatedEventId', 'Zone', 'BoxCentre', 'LowLeft', 'Assisted', 'IntentionalAssist', 'RegularPlay', 'BlockedY', 'Head', 'GoalMouthY', 'GoalMouthZ', 'OppositeRelatedEvent', 'BlockedX', 'FirstTouch']","[91, 9, 10, 1, 3, 14]",True,232278.0,,,318.0,301869.0,98.4,49.1,13.9,52.9,True,,,
814,814,2732044841.0,324,46,59.0,613,0.5,82.4,46,FirstHalf,Clearance,Successful,"['PassEndY', 'Angle', 'StandingSave', 'Zone', 'Length', 'PassEndX']","[91, 94, 95, 216]",True,232278.0,43.2,96.8,,,,,,,,,,
839,839,2732057489.0,341,45,45.0,613,8.7,53.0,48,SecondHalf,Clearance,Successful,"['Angle', 'PassEndY', 'Length', 'PassEndX', 'Zone', 'Head']","[91, 94, 95, 57, 215]",True,232278.0,26.0,39.7,,,,,,,,,,
893,893,2732059719.0,358,48,46.0,613,42.9,92.2,51,SecondHalf,Aerial,Successful,"['Defensive', 'OppositeRelatedEvent', 'Zone']","[197, 200]",False,232278.0,,,,,,,,,,,,
895,895,2732059737.0,359,48,46.0,613,44.4,94.4,51,SecondHalf,Pass,Unsuccessful,"['Angle', 'Length', 'HeadPass', 'PassEndY', 'Zone', 'PassEndX']","[91, 120, 29, 139, 36, 37, 216, 218]",True,232278.0,65.5,96.6,,,,,,,,,,
903,903,2732059919.0,360,49,3.0,613,72.8,96.4,52,SecondHalf,Foul,Unsuccessful,"['StandingSave', 'OppositeRelatedEvent', 'Offensive', 'Zone', 'Foul']",[64],False,232278.0,,,,,,,,,,,,
920,920,2732060847.0,369,50,16.0,613,34.2,82.8,53,SecondHalf,Pass,Successful,"['PassEndX', 'PassEndY', 'Angle', 'StandingSave', 'Length', 'Zone']","[91, 117, 30, 36, 38, 216, 218]",True,232278.0,38.6,75.5,,,,,,,,,,
929,929,2732061107.0,373,50,38.0,613,13.4,63.4,53,SecondHalf,Challenge,Unsuccessful,"['Defensive', 'OppositeRelatedEvent', 'Zone']",[55],False,232278.0,,,,,,,,,,,,
934,934,2732061231.0,375,50,44.0,613,12.0,60.7,53,SecondHalf,Save,Successful,"['Zone', 'StandingSave', 'OutfielderBlock', 'Head', 'OppositeRelatedEvent']","[91, 58]",True,232278.0,,,,,,,,,,,,
935,935,2732061243.0,376,50,46.0,613,5.6,61.4,53,SecondHalf,CornerAwarded,Unsuccessful,"['Zone', 'MissLeft', 'OppositeRelatedEvent']",[122],False,232278.0,,,,,,,,,,,,
944,944,2732062247.0,382,52,5.0,613,76.3,95.9,55,SecondHalf,Pass,Successful,"['StandingSave', 'Zone', 'Length', 'Angle', 'PassEndX', 'PassEndY']","[91, 119, 117, 30, 205, 35, 38, 217, 218]",True,232278.0,70.3,90.2,,,,,,,,,,
998,998,2732065121.0,406,56,39.0,613,51.3,97.8,59,SecondHalf,Pass,Successful,"['Zone', 'PassEndY', 'Length', 'Angle', 'PassEndX', 'StandingSave']","[91, 117, 30, 35, 38, 215, 218]",True,232278.0,25.9,83.1,,,,,,,,,,
1032,1032,2732065747.0,422,57,47.0,613,30.3,84.0,60,SecondHalf,Pass,Successful,"['Angle', 'StandingSave', 'PassEndX', 'Zone', 'PassEndY', 'Length']","[91, 117, 30, 36, 38, 216, 218]",True,232278.0,33.6,67.5,,,,,,,,,,
1110,1110,2732071533.0,466,64,34.0,613,68.2,73.8,67,SecondHalf,Tackle,Unsuccessful,"['Offensive', 'OppositeRelatedEvent', 'StandingSave', 'Zone']","[91, 142]",True,232278.0,,,,,,,,,,,,
1112,1112,2732071627.0,467,64,35.0,613,70.7,74.0,67,SecondHalf,Pass,Successful,"['Zone', 'ShotAssist', 'StandingSave', 'PassEndY', 'Length', 'PassEndX', 'Angle', 'KeyPass']","[91, 119, 117, 30, 123, 40, 46, 35, 38, 216, 218]",True,232278.0,62.5,66.9,,,,,,,,,,
1156,1156,2732074103.0,483,67,5.0,613,24.7,100.0,70,SecondHalf,Pass,Successful,"['Longball', 'Length', 'ThrowIn', 'PassEndX', 'PassEndY', 'Zone', 'Angle']","[91, 212, 35, 38, 215]",True,232278.0,7.2,61.4,,,,,,,,,,
1174,1174,2732075153.0,497,68,12.0,613,37.5,95.9,71,SecondHalf,Pass,Successful,"['Angle', 'PassEndX', 'Zone', 'StandingSave', 'Length', 'PassEndY']","[91, 117, 30, 35, 38, 215, 218]",True,232278.0,23.0,91.2,,,,,,,,,,
1177,1177,2732075207.0,500,68,16.0,613,42.2,96.0,71,SecondHalf,BallTouch,Unsuccessful,"['StandingSave', 'Zone']","[91, 69]",True,232278.0,,,,,,,,,,,,
1193,1193,2732075743.0,504,68,49.0,613,19.1,78.9,71,SecondHalf,OffsideProvoked,Successful,[],[62],False,232278.0,,,,,,,,,,,,
1196,1196,2732076417.0,506,69,34.0,613,66.2,89.0,72,SecondHalf,Aerial,Unsuccessful,"['Zone', 'Offensive', 'OppositeRelatedEvent']","[198, 199]",False,232278.0,,,,,,,,,,,,
1198,1198,2732076747.0,508,69,50.0,613,72.9,100.0,72,SecondHalf,Pass,Successful,"['PassEndY', 'Angle', 'ThrowIn', 'PassEndX', 'Zone', 'Length']","[91, 212, 36, 38, 217]",True,232278.0,85.2,91.7,,,,,,,,,,
1218,1218,2732077925.0,514,71,4.0,613,31.3,93.5,74,SecondHalf,BlockedPass,Successful,"['StandingSave', 'Zone', 'OppositeRelatedEvent', 'Defensive']","[91, 60]",True,232278.0,,,,,,,,,,,,
1227,1227,2732078231.0,515,71,23.0,613,24.5,90.3,74,SecondHalf,Pass,Successful,"['Length', 'PassEndX', 'PassEndY', 'HeadPass', 'Angle', 'Zone']","[91, 117, 30, 139, 36, 38, 215, 218]",True,232278.0,30.7,74.7,,,,,,,,,,
1255,1255,2732079565.0,529,73,0.0,613,74.7,62.3,76,SecondHalf,Pass,Unsuccessful,"['Angle', 'HeadPass', 'Length', 'Zone', 'PassEndY', 'PassEndX']","[91, 120, 29, 139, 36, 38, 217, 218]",True,232278.0,85.0,49.0,,,,,,,,,,
1334,1334,2732083145.0,567,77,20.0,613,86.5,56.4,80,SecondHalf,MissedShots,Successful,"['GoalMouthZ', 'Assisted', 'RelatedEventId', 'IntentionalAssist', 'Zone', 'BoxCentre', 'FirstTouch', 'Head', 'RegularPlay', 'GoalMouthY', 'MissLeft']","[91, 7, 90, 10, 1, 3, 14]",True,232278.0,,,566.0,406701.0,,,15.3,77.1,True,,,
1343,1343,2732083783.0,569,78,9.0,613,28.0,94.2,81,SecondHalf,BallTouch,Unsuccessful,"['StandingSave', 'Zone']","[91, 69]",True,232278.0,,,,,,,,,,,,
1408,1408,2732087771.0,592,82,43.0,613,55.4,93.2,85,SecondHalf,BlockedPass,Successful,"['Zone', 'StandingSave', 'Defensive', 'OppositeRelatedEvent']","[91, 60]",True,232278.0,,,,,,,,,,,,
1469,1469,2732090393.0,617,85,50.0,613,9.6,68.8,88,SecondHalf,Challenge,Unsuccessful,"['Defensive', 'OppositeRelatedEvent', 'Zone']",[55],False,232278.0,,,,,,,,,,,,
1485,1485,2732090901.0,623,86,25.0,613,18.2,51.0,89,SecondHalf,Pass,Successful,"['Angle', 'Zone', 'PassEndY', 'HeadPass', 'Length', 'PassEndX']","[91, 117, 30, 139, 36, 38, 215, 218]",True,232278.0,26.1,28.0,,,,,,,,,,
1500,1500,2732091369.0,627,86,58.0,613,8.4,92.6,89,SecondHalf,Tackle,Successful,"['StandingSave', 'OppositeRelatedEvent', 'Zone', 'Defensive']","[91, 143]",True,232278.0,,,,,,,,,,,,
1501,1501,2732091395.0,628,87,0.0,613,1.8,95.1,90,SecondHalf,CornerAwarded,Unsuccessful,"['MissLeft', 'Zone', 'OppositeRelatedEvent']",[122],False,232278.0,,,,,,,,,,,,
1512,1512,2732092515.0,634,88,21.0,613,7.4,2.2,91,SecondHalf,BallRecovery,Successful,[],[93],False,232278.0,,,,,,,,,,,,
1513,1513,2732092549.0,635,88,21.0,613,8.0,5.0,91,SecondHalf,Dispossessed,Successful,"['OppositeRelatedEvent', 'Zone', 'Defensive']","[91, 70]",True,232278.0,,,,,,,,,,,,
1527,1527,2732093947.0,640,89,44.0,613,51.6,84.9,92,SecondHalf,Pass,Successful,"['PassEndX', 'Angle', 'Zone', 'Length', 'PassEndY', 'HeadPass']","[91, 119, 117, 30, 139, 36, 38, 216, 218]",True,232278.0,62.9,68.3,,,,,,,,,,
1597,1597,2732098157.0,669,93,4.0,613,1.1,71.6,96,SecondHalf,BallRecovery,Successful,[],[93],False,232278.0,,,,,,,,,,,,
1598,1598,2732097193.0,665,93,6.0,613,3.5,69.0,96,SecondHalf,Pass,Unsuccessful,"['PassEndY', 'Longball', 'PassEndX', 'Length', 'Zone', 'Angle', 'StandingSave']","[91, 118, 120, 128, 36, 38, 216, 218]",True,232278.0,44.4,62.6,,,,,,,,,,
1611,1611,2732098327.0,670,94,8.0,613,15.6,71.4,97,SecondHalf,Foul,Successful,"['Zone', 'Foul', 'Defensive', 'OppositeRelatedEvent']","[91, 63]",True,232278.0,,,,,,,,,,,,
1247,1247,2722956935.0,769,70,29.0,613,0.0,0.0,78,SecondHalf,SubstitutionOn,Successful,"['PlayerPosition', 'JerseyNumber', 'RelatedEventId', 'FormationSlot']",[213],False,232278.0,,,768.0,389064.0,,,,,,,,
1273,1273,2722957765.0,781,71,53.0,613,39.8,89.3,79,SecondHalf,Pass,Successful,"['Angle', 'StandingSave', 'PassEndY', 'Length', 'PassEndX', 'Zone']","[91, 117, 30, 35, 38, 216, 218]",True,232278.0,33.5,73.9,,,,,,,,,,
1289,1289,2722958063.0,794,72,21.0,613,29.7,81.5,80,SecondHalf,Pass,Successful,"['Zone', 'Length', 'StandingSave', 'Angle', 'PassEndX', 'PassEndY']","[91, 117, 30, 36, 38, 215, 218]",True,232278.0,32.4,59.9,,,,,,,,,,
1297,1297,2722958209.0,802,72,43.0,613,63.8,94.7,80,SecondHalf,Pass,Successful,"['StandingSave', 'Angle', 'PassEndX', 'PassEndY', 'Zone', 'Length']","[91, 119, 117, 30, 205, 36, 37, 217, 218]",True,232278.0,72.3,96.0,,,,,,,,,,
1378,1378,2722961423.0,839,78,43.0,613,34.8,90.3,86,SecondHalf,Pass,Successful,"['Length', 'Angle', 'PassEndY', 'StandingSave', 'Zone', 'PassEndX']","[91, 117, 30, 35, 38, 215, 218]",True,232278.0,21.2,63.7,,,,,,,,,,
1406,1406,2722962245.0,864,80,20.0,613,54.9,88.1,88,SecondHalf,Pass,Successful,"['PassEndY', 'Zone', 'Length', 'Angle', 'PassEndX', 'StandingSave']","[91, 117, 30, 35, 38, 216, 218]",True,232278.0,33.5,75.0,,,,,,,,,,
1425,1425,2722962707.0,876,81,20.0,613,66.8,90.9,89,SecondHalf,BallTouch,Unsuccessful,"['StandingSave', 'Zone']","[91, 69]",True,232278.0,,,,,,,,,,,,
1476,1476,2722965725.0,906,87,58.0,613,44.3,90.3,95,SecondHalf,Pass,Successful,"['PassEndX', 'StandingSave', 'Zone', 'PassEndY', 'Angle', 'Length']","[91, 117, 30, 35, 38, 216, 218]",True,232278.0,42.8,81.8,,,,,,,,,,
1546,1546,2722967013.0,961,91,8.0,613,39.6,94.5,99,SecondHalf,Pass,Successful,"['Zone', 'StandingSave', 'PassEndY', 'PassEndX', 'Angle', 'Length']","[91, 117, 30, 35, 38, 215, 218]",True,232278.0,31.4,80.2,,,,,,,,,,
1612,1612,2722967893.0,994,93,48.0,613,42.1,83.5,101,SecondHalf,Pass,Successful,"['StandingSave', 'PassEndY', 'Length', 'PassEndX', 'Angle', 'Zone']","[91, 117, 30, 35, 38, 216, 218]",True,232278.0,41.3,61.8,,,,,,,,,,
1126,1126,2720127789.0,545,68,16.0,613,0.0,0.0,71,SecondHalf,SubstitutionOn,Successful,"['FormationSlot', 'PlayerPosition', 'RelatedEventId', 'JerseyNumber']",[213],False,232278.0,,,544.0,6683.0,,,,,,,,
1137,1137,2720128231.0,550,68,51.0,613,52.8,78.0,71,SecondHalf,BallRecovery,Successful,[],[93],False,232278.0,,,,,,,,,,,,
1138,1138,2720128311.0,551,68,53.0,613,55.1,80.5,71,SecondHalf,Pass,Successful,"['StandingSave', 'Zone', 'PassEndY', 'Length', 'Angle', 'PassEndX']","[91, 119, 117, 30, 36, 38, 216, 218]",True,232278.0,57.1,67.5,,,,,,,,,,
1168,1168,2720130031.0,569,70,27.0,613,94.3,77.5,73,SecondHalf,Pass,Unsuccessful,"['Length', 'StandingSave', 'LeftFoot', 'Zone', 'Angle', 'PassEndY', 'PassEndX', 'Cross']","[91, 138, 126, 36, 38, 217, 218]",True,232278.0,95.8,55.5,,,,,,,,,,
1187,1187,2720133317.0,575,73,12.0,613,70.4,84.6,76,SecondHalf,Foul,Unsuccessful,"['Foul', 'OppositeRelatedEvent', 'Offensive', 'Zone', 'StandingSave']",[64],False,232278.0,,,,,,,,,,,,
1193,1193,2720137527.0,579,76,35.0,613,13.2,72.1,79,SecondHalf,Clearance,Successful,"['Head', 'Zone', 'PassEndY', 'PassEndX', 'Angle', 'Length']","[91, 94, 95, 57, 215]",True,232278.0,17.6,39.1,,,,,,,,,,
1199,1199,2720137865.0,584,76,49.0,613,33.6,95.0,79,SecondHalf,Pass,Successful,"['Zone', 'StandingSave', 'PassEndX', 'Length', 'Angle', 'PassEndY']","[91, 117, 30, 35, 38, 215, 218]",True,232278.0,28.6,88.8,,,,,,,,,,
1205,1205,2720138295.0,590,77,11.0,613,75.0,100.0,80,SecondHalf,Pass,Successful,"['Zone', 'PassEndX', 'Length', 'Angle', 'ThrowIn', 'PassEndY']","[91, 212, 35, 38, 216]",True,232278.0,61.4,88.3,,,,,,,,,,
1209,1209,2720138685.0,594,77,31.0,613,91.8,56.7,80,SecondHalf,MissedShots,Successful,"['FirstTouch', 'LeftFoot', 'BoxCentre', 'StandingSave', 'RelatedEventId', 'BigChance', 'GoalMouthZ', 'BlockedX', 'GoalMouthY', 'BlockedY', 'RegularPlay', 'Assisted', 'IntentionalAssist', 'MissRight', 'Zone', 'BigChanceCreated', 'KeyPass']","[91, 123, 7, 90, 10, 201, 203, 1, 3, 13, 40, 46]",True,232278.0,,,593.0,301869.0,94.5,40.6,11.1,29.4,True,,,
1211,1211,2720138815.0,597,77,40.0,613,0.0,0.0,80,SecondHalf,Card,Successful,['Yellow'],[65],False,232278.0,,,,,,,,,,"{'value': 31, 'displayName': 'Yellow'}",,
1215,1215,2720139931.0,600,78,42.0,613,39.8,86.2,81,SecondHalf,Aerial,Successful,"['OppositeRelatedEvent', 'Defensive', 'Zone']","[197, 200]",False,232278.0,,,,,,,,,,,,
1217,1217,2720140005.0,601,78,42.0,613,40.4,82.9,81,SecondHalf,Pass,Successful,"['HeadPass', 'PassEndY', 'PassEndX', 'Zone', 'Length', 'Angle']","[91, 119, 117, 30, 139, 36, 38, 216, 218]",True,232278.0,56.9,74.4,,,,,,,,,,
1223,1223,2720140181.0,606,78,50.0,613,70.3,97.9,81,SecondHalf,BallTouch,Unsuccessful,"['Zone', 'StandingSave']","[91, 69]",True,232278.0,,,,,,,,,,,,
1283,1283,2720145275.0,638,83,23.0,613,60.0,91.4,86,SecondHalf,Pass,Successful,"['Length', 'Angle', 'PassEndX', 'PassEndY', 'Zone', 'StandingSave']","[91, 119, 117, 30, 36, 37, 216, 218]",True,232278.0,63.3,93.5,,,,,,,,,,
1299,1299,2720146009.0,652,84,5.0,613,83.2,76.1,87,SecondHalf,Aerial,Unsuccessful,"['Zone', 'OppositeRelatedEvent', 'Offensive']","[198, 199]",False,232278.0,,,,,,,,,,,,
1324,1324,2720149727.0,669,87,54.0,613,43.5,93.5,90,SecondHalf,Pass,Successful,"['Zone', 'PassEndY', 'Angle', 'Length', 'StandingSave', 'PassEndX']","[91, 117, 30, 35, 38, 216, 218]",True,232278.0,35.6,87.0,,,,,,,,,,
1338,1338,2720150587.0,679,88,57.0,613,69.1,90.6,91,SecondHalf,Pass,Successful,"['Zone', 'PassEndX', 'StandingSave', 'PassEndY', 'Angle', 'Length']","[91, 119, 117, 30, 205, 35, 38, 217, 218]",True,232278.0,68.3,84.5,,,,,,,,,,
1368,1368,2720152541.0,699,91,15.0,613,72.8,88.7,94,SecondHalf,Pass,Successful,"['Length', 'Angle', 'StandingSave', 'Zone', 'PassEndY', 'PassEndX']","[91, 119, 117, 30, 205, 36, 37, 217, 218]",True,232278.0,75.2,91.0,,,,,,,,,,
1382,1382,2720153747.0,708,92,41.0,613,55.8,95.0,95,SecondHalf,Pass,Successful,"['Angle', 'PassEndY', 'StandingSave', 'Length', 'PassEndX', 'Zone']","[91, 117, 30, 35, 38, 216, 218]",True,232278.0,44.3,85.8,,,,,,,,,,
1393,1393,2720154563.0,715,93,38.0,613,29.8,100.0,96,SecondHalf,Pass,Successful,"['ThrowIn', 'PassEndY', 'Length', 'Longball', 'Zone', 'Angle', 'PassEndX']","[91, 212, 35, 38, 215]",True,232278.0,24.4,63.2,,,,,,,,,,
1404,1404,2720154981.0,724,94,23.0,613,26.7,91.0,97,SecondHalf,Pass,Unsuccessful,"['Offensive', 'PassEndY', 'OppositeRelatedEvent', 'Angle', 'Length', 'Zone', 'PassEndX', 'StandingSave']","[91, 118, 120, 29, 35, 38, 215, 218]",True,232278.0,24.0,89.2,,,,,,,,,,
1406,1406,2720155031.0,725,94,26.0,613,21.0,93.8,97,SecondHalf,Challenge,Unsuccessful,"['Zone', 'Defensive', 'OppositeRelatedEvent']",[55],False,232278.0,,,,,,,,,,,,
1422,1422,2720155429.0,731,95,3.0,613,68.0,91.2,98,SecondHalf,Tackle,Successful,"['Zone', 'Offensive', 'OppositeRelatedEvent', 'StandingSave']","[91, 143]",True,232278.0,,,,,,,,,,,,
37,37,2727074955.0,24,2,6.0,613,7.1,72.7,2,FirstHalf,Clearance,Successful,"['PassEndX', 'Angle', 'PassEndY', 'Head', 'Zone', 'Length']","[91, 94, 95, 57, 215]",True,232278.0,20.8,80.2,,,,,,,,,,
39,39,2727075005.0,25,2,9.0,613,21.4,80.4,2,FirstHalf,Aerial,Unsuccessful,"['Zone', 'Defensive', 'OppositeRelatedEvent']","[198, 200]",False,232278.0,,,,,,,,,,,,
45,45,2727178197.0,356,2,14.0,613,9.7,76.9,2,FirstHalf,BallTouch,Successful,"['StandingSave', 'Zone']",[91],True,232278.0,,,,,,,,,,,,
47,47,2727354449.0,798,2,17.0,613,6.0,91.9,2,FirstHalf,Aerial,Successful,"['OppositeRelatedEvent', 'Defensive', 'Zone']","[197, 200]",False,232278.0,,,,,,,,,,,,
49,49,2727075307.0,27,2,17.0,613,8.0,95.6,2,FirstHalf,BallTouch,Unsuccessful,"['Head', 'Zone', 'StandingSave']","[91, 69]",True,232278.0,,,,,,,,,,,,
80,80,2727077933.0,36,3,53.0,613,20.7,79.4,3,FirstHalf,Clearance,Successful,"['PassEndX', 'PassEndY', 'Length', 'Angle', 'Zone', 'Head']","[91, 94, 95, 57, 215]",True,232278.0,31.2,74.1,,,,,,,,,,
128,128,2727082179.0,58,5,58.0,613,30.8,95.9,5,FirstHalf,Pass,Unsuccessful,"['Length', 'Zone', 'PassEndX', 'PassEndY', 'StandingSave', 'Angle']","[91, 118, 120, 29, 36, 38, 216, 218]",True,232278.0,47.1,77.8,,,,,,,,,,
139,139,2727083361.0,61,6,33.0,613,17.5,9.6,6,FirstHalf,Challenge,Unsuccessful,"['Zone', 'Defensive', 'OppositeRelatedEvent']",[55],False,232278.0,,,,,,,,,,,,
173,173,2727087035.0,80,8,7.0,613,84.6,80.0,8,FirstHalf,Pass,Unsuccessful,"['PassEndX', 'Zone', 'PassEndY', 'StandingSave', 'Cross', 'Length', 'LeftFoot', 'Angle']","[91, 138, 126, 36, 38, 217, 218]",True,232278.0,92.1,63.4,,,,,,,,,,
175,175,2727087255.0,81,8,10.0,613,85.9,81.2,8,FirstHalf,Pass,Successful,"['Angle', 'StandingSave', 'Length', 'PassEndY', 'PassEndX', 'Zone']","[91, 119, 117, 30, 205, 35, 37, 217, 218]",True,232278.0,82.0,90.8,,,,,,,,,,
181,181,2727087641.0,84,8,20.0,613,72.6,89.8,8,FirstHalf,Foul,Unsuccessful,"['Foul', 'StandingSave', 'OppositeRelatedEvent', 'Offensive', 'Zone']",[64],False,232278.0,,,,,,,,,,,,
230,230,2727096111.0,103,11,58.0,613,19.0,79.7,11,FirstHalf,BallTouch,Successful,['Zone'],[91],True,232278.0,,,,,,,,,,,,
234,234,2727096457.0,107,12,4.0,613,15.4,93.8,12,FirstHalf,Pass,Unsuccessful,"['Length', 'Angle', 'PassEndY', 'Zone', 'StandingSave', 'Longball', 'PassEndX']","[91, 120, 128, 36, 37, 216, 218]",True,232278.0,53.1,94.7,,,,,,,,,,
250,250,2727097919.0,111,12,45.0,613,8.0,64.0,12,FirstHalf,Pass,Unsuccessful,"['StandingSave', 'HeadPass', 'PassEndY', 'Length', 'Zone', 'Angle', 'PassEndX']","[91, 118, 120, 29, 139, 35, 38, 215, 218]",True,232278.0,0.0,62.9,,,,,,,,,,
251,251,2727097935.0,112,12,46.0,613,3.4,57.2,12,FirstHalf,CornerAwarded,Unsuccessful,"['MissLeft', 'OppositeRelatedEvent', 'Zone']",[122],False,232278.0,,,,,,,,,,,,
264,264,2727100631.0,115,13,56.0,613,7.2,94.8,13,FirstHalf,Tackle,Unsuccessful,"['Defensive', 'OppositeRelatedEvent', 'Zone', 'StandingSave']","[91, 142]",True,232278.0,,,,,,,,,,,,
266,266,2727100641.0,116,13,58.0,613,9.4,92.7,13,FirstHalf,BallRecovery,Successful,[],[93],False,232278.0,,,,,,,,,,,,
267,267,2727100731.0,117,13,58.0,613,9.4,92.7,13,FirstHalf,Pass,Successful,"['Angle', 'StandingSave', 'PassEndY', 'PassEndX', 'Zone', 'Length']","[91, 117, 30, 36, 37, 215, 218]",True,232278.0,23.1,95.3,,,,,,,,,,
313,313,2727111873.0,134,18,34.0,613,9.9,74.5,18,FirstHalf,BallRecovery,Successful,[],[93],False,232278.0,,,,,,,,,,,,
314,314,2727111933.0,135,18,36.0,613,9.9,74.5,18,FirstHalf,Pass,Successful,"['PassEndX', 'PassEndY', 'Length', 'Zone', 'StandingSave', 'Angle']","[91, 117, 30, 36, 38, 215, 218]",True,232278.0,20.6,70.0,,,,,,,,,,
316,316,2727112191.0,137,18,40.0,613,12.0,89.3,18,FirstHalf,Pass,Unsuccessful,"['StandingSave', 'Length', 'Longball', 'PassEndY', 'Angle', 'PassEndX', 'Zone']","[91, 120, 128, 36, 38, 216, 218]",True,232278.0,57.9,70.9,,,,,,,,,,
440,440,2727129409.0,181,25,47.0,613,10.6,58.3,25,FirstHalf,Save,Successful,"['OppositeRelatedEvent', 'OutfielderBlock', 'StandingSave', 'Zone']","[91, 58]",True,232278.0,,,,,,,,,,,,
441,441,2727129415.0,182,25,49.0,613,11.0,61.0,25,FirstHalf,CornerAwarded,Unsuccessful,"['MissLeft', 'Zone', 'OppositeRelatedEvent']",[122],False,232278.0,,,,,,,,,,,,
454,454,2727131711.0,191,26,56.0,613,61.0,73.2,26,FirstHalf,Pass,Successful,"['StandingSave', 'Angle', 'Length', 'PassEndY', 'PassEndX', 'Zone']","[91, 119, 117, 30, 205, 36, 38, 217, 218]",True,232278.0,69.6,67.6,,,,,,,,,,
457,457,2727132303.0,194,27,6.0,613,79.9,100.0,27,FirstHalf,Pass,Successful,"['PassEndX', 'PassEndY', 'Angle', 'Length', 'ThrowIn', 'Zone']","[91, 212, 35, 38, 217]",True,232278.0,78.2,87.2,,,,,,,,,,
484,484,2727136769.0,205,29,24.0,613,56.7,90.9,29,FirstHalf,Pass,Unsuccessful,"['PassEndY', 'StandingSave', 'Length', 'Zone', 'PassEndX', 'Angle']","[91, 120, 29, 36, 38, 217, 218]",True,232278.0,67.0,77.6,,,,,,,,,,
488,488,2727137017.0,207,29,28.0,613,62.8,82.1,29,FirstHalf,Dispossessed,Successful,"['OppositeRelatedEvent', 'Offensive', 'Zone']","[91, 70]",True,232278.0,,,,,,,,,,,,
490,490,2727137137.0,208,29,32.0,613,58.7,93.0,29,FirstHalf,Pass,Successful,"['StandingSave', 'Angle', 'PassEndY', 'PassEndX', 'Length', 'Zone']","[91, 117, 30, 35, 38, 216, 218]",True,232278.0,40.6,87.2,,,,,,,,,,
507,507,2727140943.0,221,31,17.0,613,35.6,93.6,31,FirstHalf,Pass,Successful,"['PassEndX', 'Length', 'Angle', 'Zone', 'StandingSave', 'PassEndY']","[91, 117, 30, 36, 37, 216, 218]",True,232278.0,47.7,96.6,,,,,,,,,,
528,528,2727142185.0,230,31,52.0,613,29.4,89.4,31,FirstHalf,Tackle,Successful,"['Zone', 'Defensive', 'StandingSave', 'OppositeRelatedEvent']","[91, 143]",True,232278.0,,,,,,,,,,,,
529,529,2727142207.0,231,31,55.0,613,29.2,94.2,31,FirstHalf,Pass,Unsuccessful,"['Zone', 'PassEndX', 'StandingSave', 'OppositeRelatedEvent', 'Angle', 'Length', 'PassEndY', 'Offensive']","[91, 118, 120, 29, 36, 38, 215, 218]",True,232278.0,30.1,93.3,,,,,,,,,,
531,531,2727142543.0,233,32,6.0,613,34.2,100.0,32,FirstHalf,Pass,Unsuccessful,"['PassEndX', 'Length', 'Angle', 'ThrowIn', 'Zone', 'PassEndY']","[91, 212, 36, 38, 216]",True,232278.0,36.7,86.2,,,,,,,,,,
586,586,2727147843.0,247,34,42.0,613,39.5,97.1,34,FirstHalf,Pass,Successful,"['PassEndX', 'Zone', 'StandingSave', 'Angle', 'PassEndY', 'Length']","[91, 117, 30, 35, 38, 216, 218]",True,232278.0,33.5,94.1,,,,,,,,,,
671,671,2727159559.0,296,39,50.0,613,63.5,67.9,39,FirstHalf,Tackle,Successful,"['Defensive', 'StandingSave', 'OppositeRelatedEvent', 'Zone']","[91, 143]",True,232278.0,,,,,,,,,,,,
675,675,2727159775.0,300,39,59.0,613,87.0,81.7,39,FirstHalf,Pass,Unsuccessful,"['Length', 'PassEndY', 'StandingSave', 'Zone', 'PassEndX', 'Angle']","[91, 120, 29, 35, 38, 217, 218]",True,232278.0,84.4,71.2,,,,,,,,,,
680,680,2727160057.0,301,40,5.0,613,86.5,93.0,40,FirstHalf,BlockedPass,Successful,"['StandingSave', 'Defensive', 'Zone', 'OppositeRelatedEvent']","[91, 60]",True,232278.0,,,,,,,,,,,,
711,711,2727162465.0,318,41,13.0,613,66.5,96.0,41,FirstHalf,Pass,Unsuccessful,"['StandingSave', 'Angle', 'Length', 'Zone', 'PassEndX', 'PassEndY']","[91, 120, 29, 36, 38, 217, 218]",True,232278.0,82.1,69.4,,,,,,,,,,
736,736,2727165371.0,335,42,32.0,613,85.8,60.3,42,FirstHalf,SavedShot,Successful,"['GoalMouthY', 'Zone', 'GoalMouthZ', 'Blocked', 'BoxCentre', 'RightFoot', 'RegularPlay', 'BlockedY', 'FirstTouch', 'BlockedX', 'LowRight', 'OppositeRelatedEvent', 'StandingSave']","[91, 10, 1, 3, 11, 12]",True,232278.0,,,,,92.1,54.2,19.0,46.5,True,,,
769,769,2727168085.0,343,43,53.0,613,5.8,68.8,43,FirstHalf,Aerial,Unsuccessful,"['Defensive', 'OppositeRelatedEvent', 'Zone']","[198, 200]",False,232278.0,,,,,,,,,,,,
771,771,2727168221.0,344,43,54.0,613,5.8,69.0,43,FirstHalf,BallTouch,Successful,"['Zone', 'OtherBodyPart']",[91],True,232278.0,,,,,,,,,,,,
772,772,2727168237.0,345,43,55.0,613,1.6,72.6,43,FirstHalf,CornerAwarded,Unsuccessful,"['MissLeft', 'OppositeRelatedEvent', 'Zone']",[122],False,232278.0,,,,,,,,,,,,
831,831,2727198633.0,380,45,57.0,613,80.3,89.6,47,SecondHalf,Pass,Successful,"['Length', 'Zone', 'PassEndX', 'PassEndY', 'StandingSave', 'Angle']","[91, 119, 117, 30, 205, 36, 38, 217, 218]",True,232278.0,80.5,74.2,,,,,,,,,,
868,868,2727200391.0,390,47,18.0,613,38.0,78.4,49,SecondHalf,Tackle,Unsuccessful,"['Zone', 'OppositeRelatedEvent', 'StandingSave', 'Defensive']","[91, 142]",True,232278.0,,,,,,,,,,,,
898,898,2727202799.0,408,48,59.0,613,58.1,100.0,50,SecondHalf,Pass,Successful,"['Zone', 'ThrowIn', 'Length', 'Angle', 'PassEndX', 'PassEndY']","[91, 212, 36, 38, 217]",True,232278.0,75.3,85.7,,,,,,,,,,
936,936,2727204279.0,429,50,9.0,613,67.2,96.6,52,SecondHalf,Pass,Successful,"['PassEndY', 'Length', 'Angle', 'PassEndX', 'Zone', 'StandingSave']","[91, 119, 117, 30, 205, 36, 38, 217, 218]",True,232278.0,70.1,82.3,,,,,,,,,,
1008,1008,2727210587.0,465,55,3.0,613,57.8,92.9,57,SecondHalf,BallRecovery,Successful,[],[93],False,232278.0,,,,,,,,,,,,
1009,1009,2727210691.0,466,55,5.0,613,57.9,92.9,57,SecondHalf,OffsidePass,Successful,"['StandingSave', 'PlayerCaughtOffside', 'PassEndY', 'PassEndX', 'Zone']","[91, 217]",True,232278.0,76.1,70.2,,,,,,,,,,
1017,1017,2727211167.0,471,55,29.0,613,38.6,93.6,57,SecondHalf,Pass,Successful,"['Zone', 'PassEndX', 'Length', 'PassEndY', 'StandingSave', 'Angle']","[91, 117, 30, 35, 38, 215, 218]",True,232278.0,28.0,75.7,,,,,,,,,,
1038,1038,2727212573.0,487,56,41.0,613,47.2,51.8,58,SecondHalf,BallRecovery,Successful,[],[93],False,232278.0,,,,,,,,,,,,
1039,1039,2727212721.0,488,56,41.0,613,47.2,51.8,58,SecondHalf,Pass,Successful,"['PassEndX', 'PassEndY', 'StandingSave', 'Length', 'Zone', 'Angle']","[91, 117, 30, 35, 38, 216, 218]",True,232278.0,46.2,16.7,,,,,,,,,,
1046,1046,2727213213.0,495,57,2.0,613,58.8,69.7,59,SecondHalf,Pass,Successful,"['StandingSave', 'Angle', 'Zone', 'PassEndX', 'Length', 'PassEndY']","[91, 117, 30, 35, 38, 216, 218]",True,232278.0,47.4,63.7,,,,,,,,,,
1069,1069,2727215473.0,505,58,47.0,613,67.6,95.0,60,SecondHalf,BlockedPass,Successful,"['Zone', 'StandingSave', 'Defensive', 'OppositeRelatedEvent']","[91, 60]",True,232278.0,,,,,,,,,,,,
1072,1072,2727215657.0,507,58,56.0,613,70.6,86.4,60,SecondHalf,Tackle,Successful,"['OppositeRelatedEvent', 'Zone', 'StandingSave', 'Offensive']","[91, 143]",True,232278.0,,,,,,,,,,,,
1103,1103,2727217981.0,525,60,45.0,613,33.9,92.7,62,SecondHalf,Pass,Successful,"['Length', 'StandingSave', 'Angle', 'PassEndX', 'Zone', 'PassEndY']","[91, 117, 30, 35, 37, 215, 218]",True,232278.0,24.3,93.2,,,,,,,,,,
1116,1116,2727221707.0,538,61,11.0,613,81.5,80.1,63,SecondHalf,BallTouch,Successful,"['Zone', 'StandingSave']",[91],True,232278.0,,,,,,,,,,,,
1133,1133,2727224537.0,546,66,12.0,613,25.2,74.8,68,SecondHalf,Pass,Successful,"['Zone', 'HeadPass', 'Angle', 'PassEndX', 'PassEndY', 'Length']","[91, 117, 30, 139, 36, 38, 216, 218]",True,232278.0,34.5,70.8,,,,,,,,,,
1154,1154,2727225831.0,561,67,19.0,613,85.4,100.0,69,SecondHalf,Pass,Successful,"['Angle', 'PassEndX', 'PassEndY', 'Length', 'Zone', 'ThrowIn']","[91, 212, 36, 38, 217]",True,232278.0,92.9,88.7,,,,,,,,,,
1156,1156,2727225973.0,563,67,24.0,613,85.4,91.1,69,SecondHalf,Pass,Successful,"['PassEndY', 'Length', 'Angle', 'Zone', 'PassEndX', 'StandingSave']","[91, 119, 117, 30, 205, 36, 37, 217, 218]",True,232278.0,91.0,92.6,,,,,,,,,,
1165,1165,2727227803.0,567,68,57.0,613,53.1,90.4,70,SecondHalf,Challenge,Unsuccessful,"['OppositeRelatedEvent', 'Zone', 'Defensive']",[55],False,232278.0,,,,,,,,,,,,
1198,1198,2727238353.0,588,76,50.0,613,92.2,77.6,78,SecondHalf,BallTouch,Unsuccessful,"['Zone', 'StandingSave']","[91, 69]",True,232278.0,,,,,,,,,,,,
1209,1209,2727240007.0,591,78,11.0,613,23.2,100.0,80,SecondHalf,Pass,Successful,"['Zone', 'ThrowIn', 'PassEndX', 'PassEndY', 'Length', 'Angle', 'Longball']","[91, 212, 36, 38, 216]",True,232278.0,44.0,93.3,,,,,,,,,,
1250,1250,2727242171.0,608,79,52.0,613,36.9,95.4,81,SecondHalf,Pass,Successful,"['Zone', 'PassEndX', 'PassEndY', 'LayOff', 'Length', 'StandingSave', 'Angle']","[91, 117, 30, 35, 38, 215, 218]",True,232278.0,28.0,91.4,,,,,,,,,,
1266,1266,2727242959.0,619,80,24.0,613,60.0,96.7,82,SecondHalf,TakeOn,Unsuccessful,"['Zone', 'StandingSave', 'OppositeRelatedEvent', 'Offensive']","[91, 53]",True,232278.0,,,,,,,,,,,,
1277,1277,2727244467.0,623,81,31.0,613,71.2,94.0,83,SecondHalf,Tackle,Unsuccessful,"['StandingSave', 'Offensive', 'OppositeRelatedEvent', 'Zone']","[91, 142]",True,232278.0,,,,,,,,,,,,
1295,1295,2727245317.0,633,82,8.0,613,63.0,92.9,84,SecondHalf,Pass,Successful,"['PassEndX', 'Angle', 'Length', 'PassEndY', 'Zone', 'StandingSave']","[91, 119, 117, 30, 205, 36, 38, 217, 218]",True,232278.0,69.9,80.9,,,,,,,,,,
1305,1305,2727246473.0,639,82,54.0,613,31.4,47.4,84,SecondHalf,Foul,Successful,"['Obstruction', 'Zone', 'Defensive', 'OppositeRelatedEvent', 'IndirectFreekickTaken']","[91, 63]",True,232278.0,,,,,,,,,,,,
1324,1324,2727250465.0,653,85,53.0,613,56.8,94.1,87,SecondHalf,Pass,Successful,"['Angle', 'Zone', 'Length', 'PassEndY', 'StandingSave', 'PassEndX']","[91, 119, 117, 30, 36, 38, 216, 218]",True,232278.0,66.2,78.1,,,,,,,,,,
1387,1387,2727255407.0,687,89,27.0,613,4.9,93.3,91,SecondHalf,Tackle,Successful,"['StandingSave', 'OppositeRelatedEvent', 'Zone', 'Defensive']","[91, 143]",True,232278.0,,,,,,,,,,,,
1388,1388,2727255419.0,688,89,28.0,613,4.8,92.7,91,SecondHalf,CornerAwarded,Unsuccessful,"['Zone', 'MissLeft', 'OppositeRelatedEvent']",[122],False,232278.0,,,,,,,,,,,,
1450,1450,2727259651.0,728,93,23.0,613,75.0,82.1,95,SecondHalf,Pass,Successful,"['Length', 'PassEndY', 'Zone', 'PassEndX', 'StandingSave', 'Angle']","[91, 119, 117, 30, 205, 36, 38, 217, 218]",True,232278.0,78.2,77.3,,,,,,,,,,
1465,1465,2727260365.0,735,94,7.0,613,21.8,91.1,96,SecondHalf,Foul,Unsuccessful,"['OppositeRelatedEvent', 'Defensive', 'StandingSave', 'Zone', 'Foul']",[64],False,232278.0,,,,,,,,,,,,
1479,1479,2727262119.0,748,96,3.0,613,98.7,87.2,98,SecondHalf,Pass,Unsuccessful,"['Chipped', 'PassEndY', 'Length', 'Longball', 'PassEndX', 'StandingSave', 'LeftFoot', 'Zone', 'Angle', 'Cross']","[91, 138, 124, 126, 35, 38, 217, 218]",True,232278.0,76.2,47.9,,,,,,,,,,
1487,1487,2727262247.0,753,96,13.0,613,79.9,75.0,98,SecondHalf,Pass,Unsuccessful,"['Length', 'Zone', 'StandingSave', 'PassEndX', 'PassEndY', 'Angle']","[91, 120, 29, 36, 38, 217, 218]",True,232278.0,85.0,64.6,,,,,,,,,,
1509,1509,2727263227.0,764,97,17.0,613,24.8,94.2,99,SecondHalf,Pass,Successful,"['Zone', 'Angle', 'Length', 'PassEndX', 'PassEndY', 'StandingSave']","[91, 117, 30, 35, 38, 215, 218]",True,232278.0,18.7,72.4,,,,,,,,,,
1530,1530,2727264491.0,783,99,0.0,613,23.9,91.7,101,SecondHalf,Interception,Successful,"['StandingSave', 'Zone']","[91, 101, 56]",True,232278.0,,,,,,,,,,,,
1533,1533,2727264597.0,785,99,13.0,613,8.4,88.3,101,SecondHalf,Clearance,Successful,"['OppositeRelatedEvent', 'StandingSave', 'Zone', 'BlockedCross']","[91, 59]",True,232278.0,,,,,,,,,,,,
1046,1046,2729807995.0,648,67,24.0,613,0.0,0.0,70,SecondHalf,SubstitutionOn,Successful,"['JerseyNumber', 'PlayerPosition', 'FormationSlot', 'RelatedEventId']",[213],False,232278.0,,,647.0,301869.0,,,,,,,,
1065,1065,2729808927.0,663,68,46.0,613,73.4,91.9,71,SecondHalf,Pass,Unsuccessful,"['Length', 'Chipped', 'PassEndY', 'Zone', 'Angle', 'LeftFoot', 'StandingSave', 'PassEndX', 'Cross']","[91, 138, 124, 126, 35, 38, 217, 218]",True,232278.0,72.5,88.3,,,,,,,,,,
1070,1070,2729808987.0,665,68,52.0,613,66.3,77.4,71,SecondHalf,Tackle,Unsuccessful,"['Zone', 'StandingSave', 'OppositeRelatedEvent', 'Defensive']","[91, 142]",True,232278.0,,,,,,,,,,,,
1078,1078,2729809105.0,668,69,7.0,613,18.8,66.4,72,SecondHalf,BallRecovery,Successful,[],[93],False,232278.0,,,,,,,,,,,,
1079,1079,2729809123.0,669,69,7.0,613,19.3,67.3,72,SecondHalf,Pass,Successful,"['Zone', 'PassEndY', 'Length', 'StandingSave', 'PassEndX', 'Angle']","[91, 117, 30, 36, 38, 215, 218]",True,232278.0,27.1,53.1,,,,,,,,,,
1111,1111,2729810619.0,691,71,4.0,613,60.7,95.9,74,SecondHalf,Pass,Successful,"['Angle', 'Zone', 'Length', 'StandingSave', 'PassEndY', 'PassEndX']","[91, 119, 117, 30, 35, 38, 216, 218]",True,232278.0,53.6,89.0,,,,,,,,,,
1120,1120,2729810855.0,696,71,24.0,613,84.6,100.0,74,SecondHalf,Pass,Successful,"['Angle', 'PassEndY', 'ThrowIn', 'PassEndX', 'Zone', 'Length']","[91, 212, 35, 38, 217]",True,232278.0,72.2,96.8,,,,,,,,,,
1184,1184,2729813815.0,724,75,25.0,613,52.2,90.7,78,SecondHalf,Aerial,Unsuccessful,"['OppositeRelatedEvent', 'Zone', 'Offensive']","[198, 199]",False,232278.0,,,,,,,,,,,,
1188,1188,2729813869.0,725,75,29.0,613,42.2,95.4,78,SecondHalf,Tackle,Successful,"['StandingSave', 'OppositeRelatedEvent', 'Zone', 'Defensive']","[91, 143]",True,232278.0,,,,,,,,,,,,
1199,1199,2729814721.0,733,76,36.0,613,45.3,93.3,79,SecondHalf,Foul,Unsuccessful,"['Foul', 'OppositeRelatedEvent', 'Zone', 'StandingSave', 'Defensive']",[64],False,232278.0,,,,,,,,,,,,
1202,1202,2729815203.0,735,77,22.0,613,11.1,85.0,80,SecondHalf,BallRecovery,Successful,[],[93],False,232278.0,,,,,,,,,,,,
1203,1203,2729815241.0,736,77,22.0,613,11.1,85.1,80,SecondHalf,Pass,Successful,"['Zone', 'Angle', 'PassEndY', 'Length', 'PassEndX', 'StandingSave']","[91, 117, 30, 36, 37, 215, 218]",True,232278.0,26.7,95.1,,,,,,,,,,
1205,1205,2729815297.0,738,77,27.0,613,10.1,95.3,80,SecondHalf,Pass,Unsuccessful,"['Zone', 'Length', 'PassEndX', 'Longball', 'Angle', 'StandingSave', 'PassEndY']","[91, 118, 120, 128, 36, 38, 216, 218]",True,232278.0,38.8,91.8,,,,,,,,,,
1223,1223,2729816371.0,751,78,57.0,613,75.3,95.9,81,SecondHalf,Pass,Successful,"['Angle', 'Zone', 'Length', 'StandingSave', 'PassEndY', 'PassEndX']","[91, 119, 117, 30, 35, 38, 216, 218]",True,232278.0,66.3,86.6,,,,,,,,,,
1225,1225,2729816417.0,753,79,4.0,613,77.1,93.2,82,SecondHalf,Pass,Successful,"['PassEndX', 'Zone', 'Length', 'Angle', 'PassEndY', 'StandingSave']","[91, 119, 117, 30, 35, 37, 216, 218]",True,232278.0,65.9,94.2,,,,,,,,,,
1229,1229,2729816561.0,757,79,14.0,613,70.7,92.7,82,SecondHalf,Pass,Unsuccessful,"['Angle', 'PassEndY', 'StandingSave', 'PassEndX', 'Zone', 'Length']","[91, 120, 29, 36, 38, 217, 218]",True,232278.0,76.4,69.3,,,,,,,,,,
1235,1235,2729816661.0,761,79,22.0,613,65.7,93.5,82,SecondHalf,Pass,Successful,"['Length', 'Zone', 'Angle', 'PassEndX', 'PassEndY', 'StandingSave']","[91, 119, 117, 30, 205, 36, 37, 217, 218]",True,232278.0,72.9,95.6,,,,,,,,,,
1237,1237,2729816699.0,763,79,26.0,613,81.5,89.7,82,SecondHalf,BallTouch,Successful,"['Zone', 'StandingSave']",[91],True,232278.0,,,,,,,,,,,,
1241,1241,2729906497.0,903,79,28.0,613,85.7,84.4,82,SecondHalf,Challenge,Unsuccessful,"['Offensive', 'OppositeRelatedEvent', 'Zone']",[55],False,232278.0,,,,,,,,,,,,
1306,1306,2729819037.0,801,82,58.0,613,42.5,95.1,85,SecondHalf,BallTouch,Unsuccessful,"['Zone', 'StandingSave']","[91, 69]",True,232278.0,,,,,,,,,,,,
1308,1308,2729819227.0,803,83,8.0,613,66.7,100.0,86,SecondHalf,Pass,Successful,"['PassEndY', 'ThrowIn', 'Length', 'Zone', 'Longball', 'PassEndX', 'Angle']","[91, 212, 35, 38, 216]",True,232278.0,39.3,93.5,,,,,,,,,,
1315,1315,2729819505.0,810,83,32.0,613,71.3,80.8,86,SecondHalf,Pass,Unsuccessful,"['PassEndY', 'StandingSave', 'HeadPass', 'Length', 'Zone', 'PassEndX', 'Angle']","[91, 120, 29, 139, 35, 38, 216, 218]",True,232278.0,63.6,66.3,,,,,,,,,,
1330,1330,2729820313.0,819,84,39.0,613,72.0,81.1,87,SecondHalf,Pass,Successful,"['Length', 'PassEndY', 'Zone', 'Angle', 'PassEndX', 'StandingSave']","[91, 119, 117, 30, 205, 36, 37, 217, 218]",True,232278.0,77.8,95.4,,,,,,,,,,
1364,1364,2729822591.0,841,87,54.0,613,87.6,100.0,90,SecondHalf,Pass,Successful,"['PassEndX', 'PassEndY', 'Zone', 'Length', 'Angle', 'ThrowIn']","[91, 212, 35, 38, 217]",True,232278.0,73.7,93.6,,,,,,,,,,
1368,1368,2729822661.0,843,87,59.0,613,83.8,89.4,90,SecondHalf,Pass,Successful,"['StandingSave', 'PassEndX', 'Length', 'Longball', 'Chipped', 'LeftFoot', 'Angle', 'Zone', 'Cross', 'PassEndY']","[91, 119, 138, 124, 125, 36, 38, 217, 218]",True,232278.0,89.4,12.5,,,,,,,,,,
1411,1411,2729824593.0,872,90,54.0,613,44.4,98.2,93,SecondHalf,Pass,Successful,"['StandingSave', 'Length', 'Angle', 'Zone', 'PassEndY', 'PassEndX']","[91, 119, 117, 30, 36, 38, 216, 218]",True,232278.0,50.1,89.7,,,,,,,,,,
